Firma;Telefon;Email;Adresse;PLZ;Ort;Homepage
TSN Installateur GmbH;-;-;-;-;-;-
Installateur Schild & Schauer;-;-;-;-;-;-
Allgas - Volkmann GmbH - Gasgerätekundendienst;-;-;-;-;-;-
TSN Installateur GmbH;-;-;-;-;-;-
Pölzl Christoph GmbH;-;-;-;-;-;-
AR All Round Installationen GmbH;-;-;-;-;-;-
REIDER GWH Installationen e.U. Inh Michael Reider;-;-;-;-;-;-
Offner-Service Installationen GesmbH;-;-;-;-;-;-
Lugar Installateur GmbH;-;-;-;-;-;-
G.S.H.T Installateur Notdienst;-;-;-;-;-;-
Installateur Schild & Schauer;-;-;-;-;-;-
Lugar Installateur GmbH;-;-;-;-;-;-
G.S.H.T Installateur Notdienst;-;-;-;-;-;-
Georg Wagner GmbH;-;-;-;-;-;-
Peham Ihr Installateur;-;-;-;-;-;-
Bernd Rossbacher;-;-;-;-;-;-
Günther Weber Installationsges.m.b.H.;-;-;-;-;-;-
G. Weiner Gas - Wasser - Heizung Gesellschaft m.b.H.;-;-;-;-;-;-
Ing. Gerd Blasl Gas - Wasser - Heizung GmbH;-;-;-;-;-;-
J. Remes Gas-Wasser-Heizung GmbH;-;-;-;-;-;-
BRANKOVIC HAUSTECHNIK GmbH;-;-;-;-;-;-
Installateur Fachbetrieb, Thomas Pfeiffer e.U.;-;-;-;-;-;-
PB-Installationen GesmbH;-;-;-;-;-;-
B-GAS - Installateur & Notdienst + Vaillant, Junkers, Baxi Service;-;-;-;-;-;-
Heizung Sanitär H. Uhrmann Ges.m.b.H.;-;-;-;-;-;-
Heinzel Installationen GmbH;-;-;-;-;-;-
Gastec GmbH;-;-;-;-;-;-
Installateur Kutzer GesmbH;-;-;-;-;-;-
1a Installateur - Doubek GesmbH;-;-;-;-;-;-
Ing. Günter Vida  - Sanitär- und Heizungstechnik, Gasgeräteservice und Reparaturdienst;-;-;-;-;-;-
Korkisch & Partner GmbH;-;-;-;-;-;-
Schuh Installationen e.U.;-;-;-;-;-;-
