Firma;Telefon;Email;Adresse;PLZ;Ort
Installateur Schild & Schauer;+43 1 8040576;office@installateur-schild-schauer.at;Veitingergasse 129-135 Stiege 1;1130;Wien
Lugar Installateur GmbH;+43 1 8862759;office@lugar.at;Triester Straße 346;1230;Wien
Allgas - Volkmann GmbH - Gasgerätekundendienst;+43 1 48890840;gasgeraete@allgas.at;Sautergasse 45;1160;Wien
TSN Installateur GmbH;+43 1 4787801;office@installateur-tsn.at;Gymnasiumstraße 1a;1180;Wien
Pölzl Christoph GmbH;+43 1 5874358;office@poelzl-installationen.at;Girardigasse 5;1060;Wien
AR All Round Installationen GmbH;+43 1 6091353;office@ar-allround-installationen.at;Ketzergasse 26;1230;Wien
REIDER GWH Installationen e.U. Inh Michael Reider;+43 1 5234403;office@installateur-reider.com;Zieglergasse 22;1070;Wien
Offner-Service Installationen GesmbH;+43 1 2789888500;office@offnerwien.at;Ignaz-Köck-Straße 9;1210;Wien
Lugar Installateur GmbH;+43 1 8862759;office@lugar.at;Triester Straße 346;1230;Wien
G.S.H.T Installateur Notdienst;+43 1 7134387;gsht@aon.at;Löwenherzgasse 9/5-6;1030;Wien
Installateur Schild & Schauer;+43 1 8040576;office@installateur-schild-schauer.at;Veitingergasse 129-135 Stiege 1;1130;Wien
Lugar Installateur GmbH;+43 1 8862759;wien13@lugar.at;Hietzinger Kai 89;1130;Wien
G.S.H.T Installateur Notdienst;+43 1 7289818;gsht@aon.at;Käsmayergasse 28;1220;Wien
Georg Wagner GmbH;+43 1 9111550;office@doktor-wasser.at;Linzer Straße 315;1140;Wien
Peham Ihr Installateur;+43 2746 21984;office@peham-fachhandwerk.at;Bahnhofstraße 12;3150;Wilhelmsburg
Bernd Rossbacher;+43 1 5447583;office@rossbacher-at.com;Ziegelofengasse 39;1050;Wien
Günther Weber Installationsges.m.b.H.;+43 1 2711374;office@installateur-weber.co.at;Koloniestraße 23;1210;Wien
G. Weiner Gas - Wasser - Heizung Gesellschaft m.b.H.;+43 1 4861159;office@weiner-gmbh.at;Redtenbachergasse 5;1160;Wien
Ing. Gerd Blasl Gas - Wasser - Heizung GmbH;+43 1 4863372;office@blasl-gmbh.at;Stillfriedplatz 11-12;1160;Wien
J. Remes Gas-Wasser-Heizung GmbH;+43 1 4864122;office@remes-gmbh.at;Hernalser Hauptstraße 112;1170;Wien
BRANKOVIC HAUSTECHNIK GmbH;+43 1 9575050;haustechnik@brankovic.at;Reinlgasse 37;1140;Wien
Installateur Fachbetrieb, Thomas Pfeiffer e.U.;+43 1 4021706;thomas@ifb-pfeiffer.at;Teschnergasse 4;1180;Wien
PB-Installationen GesmbH;+43 1 9828525;office@pb-installationen.at;Goldschlagstraße 112;1150;Wien
B-GAS - Installateur & Notdienst + Vaillant, Junkers, Baxi Service;+43 1 2028556;office@b-gas.at;Wagramer Straße 133;1220;Wien
Heizung Sanitär H. Uhrmann Ges.m.b.H.;+43 1 20418190;office@uhrmann.at;Wagramer Straße 55;1220;Wien
Heinzel Installationen GmbH;+43 1 4808772;-;Hernalser Hauptstraße 217 Stiege 2;1170;Wien
Gastec GmbH;+43 1 9971736;office@gastec.at;Reinlgasse 11;1140;Wien
Installateur Kutzer GesmbH;+43 1 7135362;office@kutzer.at;Erdbergstraße 126-130;1030;Wien
1a Installateur - Doubek GesmbH;+43 1 7152217;office@doubek.at;Paulusgasse 7;1030;Wien
Ing. Günter Vida  - Sanitär- und Heizungstechnik, Gasgeräteservice und Reparaturdienst;+43 1 8122800;office@immervida.at;Vivenotgasse 48;1120;Wien
Korkisch & Partner GmbH;+43 1 8772525;office@korkisch.at;Auhofstraße 120a/3;1130;Wien
Schuh Installationen e.U.;+43 1 2649615;schuh.installationen@a1business.at;Franz-Fellner-Gasse 5;1220;Wien
